,RL2,no vaccine,RL,equal dist,all to group 1,all to group 2,all to group 3,all to group 4,all to group 5,all to group 6,all to group 7,all to group 8,all to group 9,all to group 10,maxS,maxI,maxContact,maxEquity
0,-2783.0,-5841.599999999999,-2394.0,-2428.7999999999997,-4597.0,-4314.0,-4387.0,-4207.0,-4578.0,-4376.0,-3712.0,-4599.0,-4560.0,-4612.0,-3904.0,-3866.0,-3581.0,-3177.0
1,-2781.0,-5671.2,-2743.0,-1987.1999999999998,-4516.0,-4158.0,-4479.0,-4722.0,-4985.0,-4488.0,-4476.0,-4516.0,-3840.0,-4516.0,-3775.0,-3579.0,-3837.0,-4142.0
2,-2223.0,-5676.0,-2482.0,-2662.7999999999997,-4604.0,-4261.0,-4316.0,-4009.0,-4572.0,-4711.0,-4355.0,-4403.0,-4264.0,-4538.0,-3711.0,-3726.0,-3685.0,-3888.0
3,-2516.0,-5647.2,-2404.0,-3004.7999999999997,-4694.0,-4644.0,-4701.0,-4445.0,-4374.0,-4832.0,-4419.0,-4413.0,-4483.0,-4467.0,-3730.0,-3747.0,-3867.0,-3359.0
4,-2790.0,-5926.8,-2333.0,-3182.4,-4875.0,-4245.0,-4681.0,-4134.0,-4772.0,-4633.0,-4131.0,-4549.0,-3982.0,-4847.0,-3482.0,-3696.0,-3859.0,-3829.0
5,-2751.0,-5668.8,-2583.0,-3121.2,-4446.0,-4175.0,-4124.0,-4075.0,-4298.0,-4581.0,-4257.0,-4316.0,-4201.0,-4731.0,-4061.0,-3585.0,-3298.0,-3763.0
6,-2355.0,-5686.8,-3007.0,-3141.6,-4489.0,-4106.0,-4252.0,-4369.0,-3985.0,-4325.0,-3957.0,-4536.0,-4173.0,-4659.0,-3878.0,-3387.0,-3335.0,-3782.0
7,-2900.0,-5649.599999999999,-2610.0,-2990.4,-4472.0,-4085.0,-4710.0,-4395.0,-4693.0,-4576.0,-3848.0,-4777.0,-4658.0,-4972.0,-3598.0,-3605.0,-3577.0,-3902.0
8,-2338.0,-6020.4,-2905.0,-3087.6,-4378.0,-4201.0,-4228.0,-4132.0,-4375.0,-4484.0,-3790.0,-4657.0,-3879.0,-4680.0,-3758.0,-4051.0,-3931.0,-3639.0
9,-2682.0,-5143.2,-2700.0,-3102.0,-4588.0,-4017.0,-4852.0,-4556.0,-4623.0,-4506.0,-4172.0,-4335.0,-4291.0,-4607.0,-3442.0,-3936.0,-3706.0,-3921.0
10,-2953.0,-5470.8,-2694.0,-2728.7999999999997,-4432.0,-4474.0,-4481.0,-4033.0,-4252.0,-4744.0,-4519.0,-4285.0,-4114.0,-4517.0,-3952.0,-3575.0,-3656.0,-3744.0
11,-2522.0,-5473.2,-2400.0,-2707.2,-4304.0,-4487.0,-4532.0,-3794.0,-4926.0,-4692.0,-4023.0,-4769.0,-4139.0,-4565.0,-4093.0,-3767.0,-3466.0,-3338.0
12,-2334.0,-5649.599999999999,-2789.0,-2710.7999999999997,-4700.0,-4346.0,-4476.0,-4471.0,-4237.0,-4566.0,-4277.0,-4573.0,-3938.0,-4431.0,-3755.0,-3990.0,-3820.0,-3619.0
13,-2924.0,-5292.0,-2631.0,-3279.6,-4752.0,-4063.0,-4701.0,-4083.0,-4627.0,-4700.0,-4388.0,-4378.0,-4037.0,-4439.0,-3427.0,-3576.0,-3816.0,-3535.0
14,-2600.0,-5187.599999999999,-2857.0,-3399.6,-4624.0,-4237.0,-4230.0,-3883.0,-4881.0,-4475.0,-4500.0,-4629.0,-4438.0,-4222.0,-3665.0,-3478.0,-3738.0,-3268.0
15,-2174.0,-5164.8,-2613.0,-2947.2,-4640.0,-4474.0,-4747.0,-4280.0,-4714.0,-4448.0,-4102.0,-4346.0,-4559.0,-4632.0,-3995.0,-3622.0,-3525.0,-4021.0
16,-2528.0,-5426.4,-2450.0,-2806.7999999999997,-4728.0,-4266.0,-4446.0,-4541.0,-4704.0,-4838.0,-4190.0,-4607.0,-4095.0,-4593.0,-3998.0,-3646.0,-3955.0,-3895.0
17,-2378.0,-5338.8,-2846.0,-2738.4,-4575.0,-4308.0,-4695.0,-4208.0,-4483.0,-4732.0,-4090.0,-4416.0,-4095.0,-4460.0,-3816.0,-3599.0,-3456.0,-3720.0
18,-2949.0,-5845.2,-2417.0,-2642.4,-4683.0,-4579.0,-4442.0,-4354.0,-4721.0,-4648.0,-3916.0,-4416.0,-4405.0,-4798.0,-3797.0,-3770.0,-3452.0,-3493.0
19,-2401.0,-5629.2,-2283.0,-2979.6,-4684.0,-4566.0,-4363.0,-4632.0,-4601.0,-4310.0,-4641.0,-4589.0,-4316.0,-4571.0,-3069.0,-3709.0,-3728.0,-3780.0
20,-2747.0,-5224.8,-2502.0,-2953.2,-4311.0,-4270.0,-4519.0,-3904.0,-4699.0,-4651.0,-4830.0,-4272.0,-4094.0,-4466.0,-3665.0,-3880.0,-3709.0,-3730.0
21,-2101.0,-5660.4,-2814.0,-2647.2,-4042.0,-4430.0,-4346.0,-4468.0,-4367.0,-4456.0,-3911.0,-4514.0,-4153.0,-4864.0,-3457.0,-3696.0,-4083.0,-3880.0
22,-2578.0,-5355.599999999999,-2774.0,-3097.2,-4695.0,-4274.0,-4177.0,-4162.0,-4738.0,-4627.0,-4032.0,-4656.0,-4448.0,-4759.0,-3814.0,-3608.0,-3457.0,-3399.0
23,-2554.0,-5546.4,-2421.0,-3279.6,-4823.0,-4300.0,-4126.0,-4343.0,-4622.0,-4398.0,-3878.0,-4293.0,-4174.0,-4823.0,-3820.0,-3822.0,-4057.0,-3762.0
24,-2266.0,-5701.2,-2606.0,-3236.4,-4862.0,-4119.0,-4712.0,-4559.0,-4815.0,-4609.0,-4247.0,-4769.0,-4361.0,-4475.0,-3458.0,-3228.0,-3967.0,-3502.0
25,-2670.0,-5622.0,-2211.0,-3031.2,-4649.0,-3966.0,-4855.0,-3848.0,-4649.0,-4663.0,-4332.0,-3974.0,-4136.0,-4810.0,-3796.0,-3407.0,-3674.0,-4043.0
26,-2880.0,-5156.4,-2320.0,-2581.2,-4398.0,-4121.0,-4528.0,-4539.0,-4420.0,-4874.0,-4367.0,-4240.0,-4155.0,-4661.0,-3289.0,-3501.0,-3552.0,-3848.0
27,-2142.0,-5721.599999999999,-2266.0,-2793.6,-4797.0,-4334.0,-4159.0,-4366.0,-4604.0,-4775.0,-4665.0,-4416.0,-4113.0,-4661.0,-3514.0,-3746.0,-3824.0,-3886.0
28,-2759.0,-5616.0,-2955.0,-2722.7999999999997,-4657.0,-4041.0,-4703.0,-4452.0,-4764.0,-4084.0,-3939.0,-4145.0,-3998.0,-4558.0,-3843.0,-3586.0,-3903.0,-3693.0
29,-2660.0,-5480.4,-2562.0,-3583.2,-4606.0,-4220.0,-4662.0,-4280.0,-4767.0,-4771.0,-3959.0,-4535.0,-4680.0,-4602.0,-3549.0,-3425.0,-3924.0,-3942.0
30,-2552.0,-5059.2,-2304.0,-2594.4,-4417.0,-4077.0,-4525.0,-4411.0,-4455.0,-4406.0,-4401.0,-4685.0,-4162.0,-4573.0,-3860.0,-3698.0,-3814.0,-3870.0
31,-2401.0,-5290.8,-2750.0,-3206.4,-4528.0,-3942.0,-4481.0,-3991.0,-4331.0,-4569.0,-4235.0,-4683.0,-4418.0,-4657.0,-3501.0,-3955.0,-3954.0,-3511.0
32,-2086.0,-5756.4,-2472.0,-3112.7999999999997,-4597.0,-4520.0,-4386.0,-4428.0,-4534.0,-4347.0,-4616.0,-4461.0,-4069.0,-4369.0,-3802.0,-3571.0,-3793.0,-3958.0
33,-2470.0,-5342.4,-2682.0,-2512.7999999999997,-4717.0,-4542.0,-4612.0,-4356.0,-4623.0,-4764.0,-4200.0,-4684.0,-4274.0,-4728.0,-3645.0,-3766.0,-3457.0,-3603.0
34,-2745.0,-5744.4,-2513.0,-1953.6,-4675.0,-4592.0,-4615.0,-4501.0,-3986.0,-4178.0,-3911.0,-4626.0,-4463.0,-4559.0,-3581.0,-3655.0,-3413.0,-3396.0
35,-2201.0,-5695.2,-2288.0,-3295.2,-4589.0,-4018.0,-4533.0,-4684.0,-4329.0,-4630.0,-4291.0,-4405.0,-4394.0,-4647.0,-3598.0,-3493.0,-4084.0,-3663.0
36,-2235.0,-5583.599999999999,-2091.0,-3123.6,-4623.0,-3931.0,-4460.0,-4390.0,-4380.0,-4621.0,-4180.0,-4538.0,-3934.0,-4550.0,-3789.0,-3854.0,-3442.0,-3531.0
37,-2258.0,-5620.8,-2546.0,-2018.3999999999999,-5006.0,-4472.0,-4579.0,-4270.0,-4963.0,-4706.0,-4207.0,-4583.0,-4454.0,-4937.0,-3416.0,-3698.0,-3415.0,-3763.0
38,-2318.0,-5881.2,-2743.0,-2656.7999999999997,-4842.0,-3844.0,-4930.0,-4407.0,-5013.0,-4452.0,-4303.0,-4771.0,-4112.0,-4531.0,-3826.0,-3807.0,-3637.0,-3470.0
39,-2812.0,-5757.599999999999,-2474.0,-2998.7999999999997,-4682.0,-4008.0,-4293.0,-4539.0,-4776.0,-4490.0,-4401.0,-3974.0,-4195.0,-4597.0,-3670.0,-3880.0,-3533.0,-3795.0
40,-3289.0,-5086.8,-2448.0,-3310.7999999999997,-4594.0,-3915.0,-4515.0,-4230.0,-4543.0,-4827.0,-3726.0,-4367.0,-4380.0,-4610.0,-3547.0,-3185.0,-3601.0,-3341.0
41,-2369.0,-5758.8,-2553.0,-3046.7999999999997,-4540.0,-4101.0,-4306.0,-3789.0,-4822.0,-4683.0,-4331.0,-4476.0,-4333.0,-4594.0,-3956.0,-3656.0,-3339.0,-3983.0
42,-2764.0,-5785.2,-2273.0,-3188.4,-4611.0,-4113.0,-4961.0,-4599.0,-4542.0,-4584.0,-4346.0,-4188.0,-4117.0,-5001.0,-3900.0,-3897.0,-3799.0,-3691.0
43,-2365.0,-5766.0,-2369.0,-3384.0,-4672.0,-3875.0,-4129.0,-4238.0,-4881.0,-4611.0,-3567.0,-4638.0,-4299.0,-4617.0,-3297.0,-3703.0,-3862.0,-3704.0
44,-2633.0,-5587.2,-2614.0,-2388.0,-4581.0,-4764.0,-4583.0,-4337.0,-4632.0,-4130.0,-3954.0,-4644.0,-4615.0,-4349.0,-3419.0,-3653.0,-3424.0,-3466.0
45,-2228.0,-5205.599999999999,-2749.0,-3093.6,-5086.0,-4707.0,-4648.0,-4271.0,-4409.0,-4641.0,-4537.0,-4524.0,-4172.0,-4469.0,-3453.0,-4004.0,-3561.0,-3973.0
46,-2547.0,-5704.8,-2067.0,-2778.0,-4672.0,-4030.0,-4660.0,-4170.0,-4387.0,-4566.0,-4474.0,-4588.0,-4381.0,-4441.0,-3670.0,-3806.0,-3318.0,-3558.0
47,-2041.0,-5701.2,-2877.0,-3291.6,-4626.0,-4460.0,-4241.0,-4472.0,-4272.0,-4520.0,-4551.0,-4598.0,-4422.0,-4884.0,-3508.0,-3395.0,-3536.0,-3684.0
48,-2732.0,-5353.2,-2457.0,-3109.2,-4211.0,-4154.0,-4647.0,-4670.0,-4460.0,-4339.0,-4693.0,-3932.0,-3788.0,-4179.0,-3517.0,-3727.0,-3376.0,-3812.0
49,-2991.0,-5490.0,-2509.0,-3530.4,-4506.0,-4454.0,-4041.0,-4435.0,-4305.0,-4139.0,-4239.0,-4201.0,-3970.0,-4372.0,-3546.0,-3746.0,-3693.0,-3629.0
50,-1921.0,-5462.4,-2241.0,-2546.4,-4362.0,-4209.0,-4328.0,-4294.0,-4420.0,-4601.0,-4029.0,-4628.0,-4457.0,-4565.0,-3925.0,-3894.0,-3621.0,-3419.0
51,-2575.0,-5127.599999999999,-2642.0,-3241.2,-4782.0,-4436.0,-4811.0,-4006.0,-4709.0,-4611.0,-3915.0,-4505.0,-4404.0,-4540.0,-3558.0,-3801.0,-3905.0,-3682.0
52,-2636.0,-5766.0,-2694.0,-2473.2,-4522.0,-4276.0,-4773.0,-4350.0,-4686.0,-4800.0,-4036.0,-4141.0,-4315.0,-4685.0,-3556.0,-3617.0,-3657.0,-3368.0
53,-2399.0,-5434.8,-2364.0,-3262.7999999999997,-4412.0,-4383.0,-4575.0,-4041.0,-4281.0,-3993.0,-4193.0,-4600.0,-4403.0,-4693.0,-3905.0,-3584.0,-3722.0,-3800.0
54,-2421.0,-5422.8,-2546.0,-3094.7999999999997,-4728.0,-4262.0,-4267.0,-4367.0,-4681.0,-4571.0,-4643.0,-4436.0,-4369.0,-4503.0,-3571.0,-3607.0,-4025.0,-4055.0
55,-2286.0,-5547.599999999999,-3029.0,-3505.2,-4754.0,-4458.0,-4747.0,-4210.0,-4875.0,-4581.0,-4426.0,-4367.0,-4348.0,-4699.0,-4029.0,-3456.0,-3330.0,-3776.0
56,-2480.0,-5426.4,-2605.0,-3060.0,-4563.0,-4117.0,-4582.0,-4107.0,-4526.0,-4974.0,-4346.0,-4585.0,-4303.0,-4590.0,-3801.0,-3922.0,-3758.0,-3535.0
57,-2951.0,-5505.599999999999,-2546.0,-2859.6,-4384.0,-4500.0,-4647.0,-4487.0,-4642.0,-4514.0,-4184.0,-4698.0,-4343.0,-4761.0,-3598.0,-3842.0,-3225.0,-4026.0
58,-2508.0,-5947.2,-2564.0,-3392.4,-4626.0,-3999.0,-4435.0,-4322.0,-4206.0,-4649.0,-4185.0,-4732.0,-3821.0,-4395.0,-4019.0,-3739.0,-3672.0,-3723.0
59,-2251.0,-5900.4,-2664.0,-3525.6,-4710.0,-4514.0,-4535.0,-4427.0,-4506.0,-4465.0,-4558.0,-4769.0,-4319.0,-4665.0,-3624.0,-3748.0,-3683.0,-3876.0
60,-3003.0,-6082.8,-2572.0,-2938.7999999999997,-4324.0,-4568.0,-4849.0,-4112.0,-4098.0,-4961.0,-4129.0,-4531.0,-4241.0,-4768.0,-3723.0,-3323.0,-3722.0,-3467.0
61,-2814.0,-5164.8,-2346.0,-2366.4,-4458.0,-4327.0,-4501.0,-4344.0,-4726.0,-4756.0,-4092.0,-4261.0,-4409.0,-4347.0,-3940.0,-3902.0,-3533.0,-3833.0
62,-2717.0,-5334.0,-2341.0,-3547.2,-4861.0,-3869.0,-4590.0,-4475.0,-4466.0,-4470.0,-3958.0,-4149.0,-4414.0,-4688.0,-3699.0,-3580.0,-3705.0,-3773.0
63,-2858.0,-5450.4,-2961.0,-2779.2,-4665.0,-4321.0,-4412.0,-4204.0,-4819.0,-4564.0,-4368.0,-4480.0,-4351.0,-4958.0,-3917.0,-3217.0,-3782.0,-3319.0
64,-2543.0,-5869.2,-2877.0,-2870.4,-4490.0,-4436.0,-4334.0,-4433.0,-4695.0,-4580.0,-4143.0,-4561.0,-4324.0,-4726.0,-3649.0,-3773.0,-3808.0,-3763.0
65,-2652.0,-5511.599999999999,-2732.0,-2280.0,-4468.0,-3811.0,-4715.0,-4338.0,-4853.0,-4656.0,-4066.0,-4577.0,-3921.0,-5058.0,-3852.0,-3643.0,-3537.0,-3737.0
66,-2588.0,-5691.599999999999,-2560.0,-2848.7999999999997,-4517.0,-4202.0,-4408.0,-4248.0,-4651.0,-4525.0,-3871.0,-4684.0,-4062.0,-4770.0,-3392.0,-3618.0,-3719.0,-3310.0
67,-2522.0,-5140.8,-2722.0,-2768.4,-4445.0,-3777.0,-4416.0,-4419.0,-4720.0,-4610.0,-4335.0,-4645.0,-4247.0,-4669.0,-3544.0,-3843.0,-3819.0,-3673.0
68,-2769.0,-5703.599999999999,-1834.0,-2946.0,-4597.0,-3695.0,-4723.0,-4634.0,-4268.0,-4290.0,-4040.0,-4689.0,-4266.0,-4879.0,-3551.0,-3311.0,-3630.0,-3441.0
69,-2934.0,-5532.0,-2866.0,-3148.7999999999997,-4432.0,-4200.0,-4532.0,-4238.0,-4412.0,-4408.0,-4073.0,-4260.0,-4448.0,-4596.0,-3950.0,-3752.0,-4066.0,-3735.0
70,-2746.0,-5511.599999999999,-2723.0,-2822.4,-4599.0,-4086.0,-4780.0,-3517.0,-4581.0,-4757.0,-4119.0,-4458.0,-4210.0,-4766.0,-3910.0,-3624.0,-3610.0,-3689.0
71,-2594.0,-5395.2,-2604.0,-3223.2,-5053.0,-4342.0,-4727.0,-3934.0,-4406.0,-4795.0,-4186.0,-4576.0,-4204.0,-4626.0,-3707.0,-3678.0,-3593.0,-4063.0
72,-2477.0,-5776.8,-2530.0,-3284.4,-4989.0,-4367.0,-4350.0,-4060.0,-4587.0,-4124.0,-4008.0,-4050.0,-4355.0,-4161.0,-3752.0,-3969.0,-3869.0,-3789.0
73,-2791.0,-5268.0,-2781.0,-2113.2,-4496.0,-4465.0,-4583.0,-4246.0,-4398.0,-4505.0,-3951.0,-4430.0,-4295.0,-4510.0,-3341.0,-3671.0,-3195.0,-3325.0
74,-2636.0,-5152.8,-2411.0,-2588.4,-4432.0,-4476.0,-4434.0,-4193.0,-4533.0,-4700.0,-4500.0,-4815.0,-4397.0,-4452.0,-3820.0,-3327.0,-3897.0,-3498.0
75,-2896.0,-5488.8,-2884.0,-3153.6,-4475.0,-4142.0,-4473.0,-4117.0,-4583.0,-4349.0,-4437.0,-4719.0,-4148.0,-4709.0,-3506.0,-3361.0,-3532.0,-3759.0
76,-3107.0,-5818.8,-2192.0,-3274.7999999999997,-4481.0,-4039.0,-4590.0,-4176.0,-4639.0,-4389.0,-4396.0,-4477.0,-4391.0,-4660.0,-3800.0,-3904.0,-3767.0,-3585.0
77,-2695.0,-5821.2,-2727.0,-2534.4,-4567.0,-4213.0,-4691.0,-4256.0,-4648.0,-4839.0,-4117.0,-4607.0,-4302.0,-4659.0,-3716.0,-3947.0,-3678.0,-3240.0
78,-2461.0,-5730.0,-2616.0,-2362.7999999999997,-4613.0,-4338.0,-4504.0,-4486.0,-4600.0,-4678.0,-4153.0,-4875.0,-4306.0,-4585.0,-3768.0,-3846.0,-3584.0,-3893.0
79,-2369.0,-5938.8,-2730.0,-3171.6,-4670.0,-4349.0,-4567.0,-4223.0,-4897.0,-4732.0,-4507.0,-4432.0,-4446.0,-4674.0,-3571.0,-3428.0,-3720.0,-4082.0
80,-2115.0,-5710.8,-2558.0,-3577.2,-4423.0,-4640.0,-4498.0,-4320.0,-4606.0,-4535.0,-4363.0,-4628.0,-4235.0,-4855.0,-4012.0,-3672.0,-3647.0,-4084.0
81,-2499.0,-5276.4,-2984.0,-2743.2,-4111.0,-4547.0,-4660.0,-4316.0,-3943.0,-4354.0,-4277.0,-4346.0,-4109.0,-4423.0,-3188.0,-3278.0,-3526.0,-3145.0
82,-2556.0,-5656.8,-2487.0,-3253.2,-4828.0,-4115.0,-4591.0,-3919.0,-4571.0,-4819.0,-4250.0,-4504.0,-4379.0,-4838.0,-3468.0,-3520.0,-3948.0,-3525.0
83,-2255.0,-5784.0,-2788.0,-3174.0,-4915.0,-4367.0,-4650.0,-4552.0,-4943.0,-4481.0,-4399.0,-4557.0,-4415.0,-4788.0,-3408.0,-3423.0,-3882.0,-3230.0
84,-2562.0,-6024.0,-2661.0,-2706.0,-4549.0,-4352.0,-4793.0,-4041.0,-4711.0,-4474.0,-4334.0,-4327.0,-4063.0,-4863.0,-3718.0,-3472.0,-4048.0,-3564.0
85,-2724.0,-5643.599999999999,-2503.0,-2346.0,-4397.0,-4020.0,-4066.0,-4513.0,-4430.0,-4866.0,-4072.0,-4252.0,-4509.0,-4534.0,-3749.0,-3643.0,-3571.0,-3836.0
86,-2845.0,-5942.4,-2608.0,-2980.7999999999997,-4378.0,-3767.0,-4336.0,-4446.0,-4712.0,-3982.0,-4052.0,-4544.0,-3934.0,-4590.0,-2949.0,-3806.0,-3883.0,-3658.0
87,-2978.0,-4947.599999999999,-2788.0,-2406.0,-4363.0,-4042.0,-4306.0,-4147.0,-4612.0,-4354.0,-4149.0,-4614.0,-4148.0,-4680.0,-3785.0,-3847.0,-3804.0,-3333.0
88,-2885.0,-5419.2,-2382.0,-2928.0,-4588.0,-4320.0,-4370.0,-4456.0,-4742.0,-4716.0,-4382.0,-4668.0,-4085.0,-4502.0,-4025.0,-3716.0,-3697.0,-3657.0
89,-2414.0,-5734.8,-2044.0,-2894.4,-4573.0,-4386.0,-4448.0,-4432.0,-4711.0,-4776.0,-3908.0,-4415.0,-4502.0,-4883.0,-3421.0,-3596.0,-3755.0,-3547.0
90,-2531.0,-5605.2,-2216.0,-2550.0,-4482.0,-4293.0,-4768.0,-4091.0,-4817.0,-4058.0,-4275.0,-4521.0,-4319.0,-4652.0,-3844.0,-3678.0,-3387.0,-3566.0
91,-2558.0,-5479.2,-2407.0,-2499.6,-4694.0,-4065.0,-4467.0,-4147.0,-4726.0,-4455.0,-4246.0,-4591.0,-3625.0,-4529.0,-3173.0,-3478.0,-3905.0,-3869.0
92,-2819.0,-5742.0,-2267.0,-3240.0,-4491.0,-4285.0,-4613.0,-4389.0,-4580.0,-4739.0,-4356.0,-4558.0,-4161.0,-4715.0,-3728.0,-3827.0,-3827.0,-3551.0
93,-2789.0,-5758.8,-2633.0,-3050.4,-4577.0,-4408.0,-3928.0,-4173.0,-4343.0,-4396.0,-4340.0,-4635.0,-4286.0,-4897.0,-3904.0,-3887.0,-3079.0,-3830.0
94,-2781.0,-5505.599999999999,-2650.0,-2803.2,-4726.0,-4362.0,-4529.0,-4144.0,-4809.0,-4379.0,-4474.0,-4463.0,-4269.0,-4513.0,-3722.0,-3706.0,-3654.0,-3897.0
95,-2822.0,-5595.599999999999,-2667.0,-2674.7999999999997,-4548.0,-3945.0,-4450.0,-4360.0,-4487.0,-4245.0,-4129.0,-4318.0,-4231.0,-4429.0,-3854.0,-3866.0,-3518.0,-3746.0
96,-1928.0,-5985.599999999999,-2671.0,-2943.6,-4921.0,-4141.0,-4494.0,-4511.0,-4439.0,-4469.0,-4161.0,-4536.0,-4141.0,-4400.0,-3580.0,-3972.0,-3790.0,-3533.0
97,-2895.0,-5899.2,-3027.0,-2450.4,-4694.0,-3961.0,-4572.0,-4269.0,-4492.0,-4682.0,-4598.0,-4620.0,-4161.0,-4364.0,-3695.0,-3911.0,-3641.0,-3793.0
98,-2650.0,-5583.599999999999,-2076.0,-2894.4,-4972.0,-4121.0,-4841.0,-4335.0,-4620.0,-4678.0,-4299.0,-4548.0,-4307.0,-4365.0,-3700.0,-3862.0,-3511.0,-3623.0
99,-1995.0,-5373.599999999999,-2615.0,-3458.4,-4780.0,-3988.0,-4843.0,-4288.0,-4507.0,-4739.0,-3933.0,-4554.0,-4361.0,-4491.0,-3982.0,-4081.0,-3757.0,-3549.0
100,-2636.0,-5460.0,-2457.0,-3031.2,-4446.0,-4554.0,-4255.0,-4419.0,-4583.0,-4490.0,-4310.0,-4773.0,-4447.0,-4452.0,-3937.0,-3690.0,-3693.0,-3404.0
101,-2520.0,-5649.599999999999,-2666.0,-2958.0,-4719.0,-4279.0,-4605.0,-4242.0,-4454.0,-4346.0,-4094.0,-4334.0,-4094.0,-4767.0,-4121.0,-3565.0,-3727.0,-3671.0
102,-2555.0,-5378.4,-2355.0,-2906.4,-4577.0,-4022.0,-4654.0,-4483.0,-4263.0,-4872.0,-4180.0,-4618.0,-4009.0,-4400.0,-3880.0,-3490.0,-3707.0,-3733.0
103,-2416.0,-5679.599999999999,-2540.0,-3162.0,-4691.0,-4462.0,-4884.0,-4079.0,-4560.0,-4512.0,-4188.0,-4753.0,-3993.0,-4506.0,-3582.0,-4179.0,-4143.0,-3570.0
104,-2488.0,-5371.2,-2771.0,-3081.6,-4620.0,-4622.0,-4452.0,-4117.0,-4405.0,-4725.0,-4262.0,-4348.0,-4350.0,-4592.0,-3773.0,-3552.0,-3728.0,-3492.0
105,-2236.0,-5238.0,-2540.0,-2804.4,-4804.0,-4230.0,-4607.0,-4039.0,-4743.0,-4546.0,-4368.0,-4651.0,-4410.0,-4495.0,-3654.0,-3975.0,-3718.0,-3987.0
106,-2301.0,-4959.599999999999,-3173.0,-3145.2,-4629.0,-3584.0,-4685.0,-4543.0,-4641.0,-4714.0,-3807.0,-4544.0,-4031.0,-4445.0,-3664.0,-3894.0,-3256.0,-3748.0
107,-2851.0,-5701.2,-2461.0,-2886.0,-4583.0,-3989.0,-4419.0,-4253.0,-4620.0,-4276.0,-3984.0,-4426.0,-4041.0,-4931.0,-3346.0,-4071.0,-3908.0,-3833.0
108,-2750.0,-5407.2,-2717.0,-2971.2,-4532.0,-4314.0,-4276.0,-4103.0,-4754.0,-4518.0,-4270.0,-4452.0,-4072.0,-4148.0,-3753.0,-3414.0,-3769.0,-3417.0
109,-2639.0,-5272.8,-2772.0,-2869.2,-4640.0,-4152.0,-4417.0,-4287.0,-4593.0,-4664.0,-4133.0,-4837.0,-4316.0,-4754.0,-3661.0,-3533.0,-3784.0,-3964.0
110,-2799.0,-4929.599999999999,-2199.0,-2725.2,-4462.0,-4074.0,-4592.0,-4433.0,-4735.0,-4665.0,-4249.0,-4293.0,-4267.0,-4751.0,-3791.0,-3482.0,-3591.0,-3764.0
111,-3086.0,-6013.2,-2606.0,-3175.2,-4377.0,-4333.0,-4663.0,-4395.0,-4356.0,-4677.0,-4297.0,-4401.0,-4300.0,-4606.0,-3892.0,-3646.0,-3621.0,-3507.0
112,-2394.0,-5325.599999999999,-2917.0,-2790.0,-4851.0,-4334.0,-4661.0,-4584.0,-4786.0,-4379.0,-4374.0,-4167.0,-4241.0,-4144.0,-3623.0,-3321.0,-3690.0,-3898.0
113,-2764.0,-5504.4,-2371.0,-2955.6,-4800.0,-4143.0,-4818.0,-4160.0,-4250.0,-4555.0,-4462.0,-4332.0,-4018.0,-4656.0,-3491.0,-4022.0,-3715.0,-3491.0
114,-3141.0,-5584.8,-2549.0,-3577.2,-4568.0,-4406.0,-4708.0,-4358.0,-4377.0,-4741.0,-4029.0,-4503.0,-4203.0,-4563.0,-3313.0,-3901.0,-3605.0,-3991.0
115,-2680.0,-5520.0,-2272.0,-2935.2,-4490.0,-4105.0,-4437.0,-4306.0,-4639.0,-4541.0,-4199.0,-4506.0,-4026.0,-4613.0,-3485.0,-3197.0,-3257.0,-3609.0
116,-2838.0,-5728.8,-2363.0,-3392.4,-4589.0,-4098.0,-4626.0,-4100.0,-4825.0,-4569.0,-4683.0,-4239.0,-3996.0,-4511.0,-3762.0,-3469.0,-3431.0,-3677.0
117,-2537.0,-6039.599999999999,-2392.0,-2662.7999999999997,-4538.0,-4612.0,-4224.0,-4351.0,-4029.0,-4698.0,-4333.0,-4178.0,-4319.0,-4717.0,-3945.0,-3913.0,-3838.0,-3451.0
118,-2534.0,-5481.599999999999,-2488.0,-3206.4,-4484.0,-4200.0,-4564.0,-4194.0,-4720.0,-5037.0,-4044.0,-4423.0,-4158.0,-4855.0,-3598.0,-3255.0,-3595.0,-3675.0
119,-2731.0,-5401.2,-3168.0,-2748.0,-4585.0,-4407.0,-4519.0,-4526.0,-4434.0,-4923.0,-4186.0,-4353.0,-4187.0,-4593.0,-3667.0,-3348.0,-3599.0,-3408.0
120,-2297.0,-5415.599999999999,-2956.0,-3235.2,-4687.0,-4215.0,-4470.0,-4092.0,-4784.0,-4972.0,-4316.0,-4352.0,-4272.0,-4726.0,-3624.0,-3235.0,-3778.0,-3645.0
121,-2574.0,-5092.8,-2905.0,-2584.7999999999997,-4727.0,-4379.0,-4801.0,-4436.0,-4360.0,-4406.0,-4492.0,-4775.0,-4339.0,-4647.0,-3318.0,-3568.0,-3773.0,-3736.0
122,-2632.0,-5546.4,-2965.0,-3127.2,-4698.0,-4350.0,-4300.0,-4476.0,-4635.0,-4297.0,-4278.0,-4355.0,-4313.0,-4798.0,-3273.0,-3256.0,-3477.0,-3914.0
123,-2739.0,-5624.4,-3079.0,-3344.4,-5190.0,-4416.0,-4026.0,-4507.0,-4164.0,-4967.0,-4410.0,-4353.0,-4420.0,-4512.0,-3468.0,-3650.0,-3446.0,-3820.0
124,-2527.0,-5751.599999999999,-2939.0,-2746.7999999999997,-4851.0,-3807.0,-4617.0,-4454.0,-4650.0,-4636.0,-4266.0,-4539.0,-4092.0,-4323.0,-3529.0,-3576.0,-3353.0,-3652.0
125,-2130.0,-5698.8,-2559.0,-2528.4,-4796.0,-4273.0,-4861.0,-4362.0,-4559.0,-4618.0,-3989.0,-4547.0,-4332.0,-4638.0,-3602.0,-3479.0,-3474.0,-3818.0
126,-2999.0,-5671.2,-2445.0,-2210.4,-4376.0,-4359.0,-4774.0,-4561.0,-4710.0,-4524.0,-4090.0,-3873.0,-3881.0,-4654.0,-3438.0,-3586.0,-3492.0,-3469.0
127,-2958.0,-5403.599999999999,-2941.0,-2295.6,-4308.0,-4271.0,-4554.0,-4609.0,-4375.0,-4507.0,-4537.0,-4638.0,-3945.0,-4938.0,-3667.0,-3181.0,-3588.0,-3680.0
128,-2332.0,-5365.2,-2738.0,-2242.7999999999997,-4512.0,-4118.0,-4828.0,-4122.0,-4927.0,-4918.0,-4129.0,-4534.0,-4474.0,-4486.0,-3753.0,-3597.0,-3446.0,-3812.0
129,-2953.0,-5530.8,-2459.0,-2895.6,-4329.0,-4339.0,-4255.0,-4450.0,-4194.0,-4576.0,-4203.0,-4670.0,-3861.0,-4564.0,-3543.0,-3393.0,-3325.0,-3836.0
130,-2436.0,-5474.4,-2697.0,-3664.7999999999997,-4453.0,-4035.0,-4774.0,-4129.0,-4693.0,-4602.0,-4358.0,-4476.0,-4264.0,-4427.0,-3748.0,-3822.0,-3471.0,-3347.0
131,-3068.0,-5073.599999999999,-2566.0,-3597.6,-4917.0,-4174.0,-4972.0,-4245.0,-4828.0,-4499.0,-4146.0,-4561.0,-3911.0,-4650.0,-3969.0,-3610.0,-3864.0,-3512.0
132,-2319.0,-5950.8,-2408.0,-2792.4,-4179.0,-4298.0,-4352.0,-4255.0,-4408.0,-5004.0,-4395.0,-4384.0,-3979.0,-4363.0,-3655.0,-3752.0,-3572.0,-3389.0
133,-2711.0,-5671.2,-2617.0,-2589.6,-4690.0,-4523.0,-4501.0,-4347.0,-4375.0,-4526.0,-4007.0,-4603.0,-4341.0,-4576.0,-3780.0,-3673.0,-3645.0,-3831.0
134,-2447.0,-5444.4,-2271.0,-3434.4,-4756.0,-3673.0,-4793.0,-4122.0,-4661.0,-4493.0,-4308.0,-4510.0,-4429.0,-4707.0,-3736.0,-3886.0,-3524.0,-3715.0
135,-2866.0,-5683.2,-2633.0,-2634.0,-4499.0,-4418.0,-4664.0,-4396.0,-4437.0,-4342.0,-3878.0,-4232.0,-4163.0,-4586.0,-3690.0,-3676.0,-3971.0,-3917.0
136,-2689.0,-5682.0,-2679.0,-2944.7999999999997,-4698.0,-4158.0,-4592.0,-4472.0,-4775.0,-4739.0,-4098.0,-4578.0,-4257.0,-4725.0,-3287.0,-4217.0,-3961.0,-3816.0
137,-2474.0,-5340.0,-2656.0,-3340.7999999999997,-4445.0,-4205.0,-4558.0,-4399.0,-4908.0,-4810.0,-4406.0,-4391.0,-4377.0,-4201.0,-3945.0,-3398.0,-3592.0,-3392.0
138,-2696.0,-5944.8,-2439.0,-2570.4,-4477.0,-4399.0,-4731.0,-4308.0,-4364.0,-4499.0,-4455.0,-4706.0,-4463.0,-4692.0,-3937.0,-3346.0,-3889.0,-3503.0
139,-2477.0,-5769.599999999999,-2794.0,-2907.6,-4421.0,-4082.0,-4419.0,-4102.0,-4800.0,-4288.0,-4462.0,-4365.0,-4396.0,-4872.0,-3762.0,-3467.0,-3778.0,-3879.0
140,-2695.0,-5571.599999999999,-2541.0,-3321.6,-4865.0,-4125.0,-4391.0,-3802.0,-4326.0,-4825.0,-4081.0,-4489.0,-4539.0,-4468.0,-3465.0,-3603.0,-3861.0,-3358.0
141,-2629.0,-5942.4,-2550.0,-3151.2,-4925.0,-4465.0,-4476.0,-4263.0,-4598.0,-4580.0,-4361.0,-4460.0,-4742.0,-4765.0,-3346.0,-3645.0,-3651.0,-4064.0
142,-2527.0,-5606.4,-2519.0,-2589.6,-4894.0,-4421.0,-4515.0,-4596.0,-4974.0,-4683.0,-4095.0,-4335.0,-3957.0,-4040.0,-4062.0,-3637.0,-3529.0,-3678.0
143,-2448.0,-5751.599999999999,-3156.0,-2310.0,-4249.0,-4388.0,-4675.0,-4190.0,-4553.0,-4760.0,-4437.0,-4554.0,-4326.0,-4278.0,-4088.0,-3687.0,-3688.0,-3475.0
144,-3022.0,-5388.0,-2892.0,-2935.2,-4179.0,-4474.0,-4698.0,-3929.0,-4422.0,-4792.0,-4138.0,-4316.0,-3907.0,-4249.0,-3301.0,-3380.0,-3348.0,-3993.0
145,-2623.0,-5736.0,-1949.0,-2244.0,-3906.0,-3782.0,-4618.0,-4459.0,-4663.0,-4397.0,-4222.0,-4401.0,-4318.0,-4404.0,-4109.0,-3880.0,-3581.0,-3413.0
146,-2355.0,-5644.8,-2208.0,-3212.4,-4738.0,-4189.0,-4565.0,-4196.0,-4591.0,-4647.0,-4024.0,-4566.0,-4255.0,-4437.0,-4039.0,-3843.0,-3835.0,-3730.0
147,-2828.0,-5528.4,-2539.0,-3064.7999999999997,-4478.0,-3848.0,-4478.0,-4484.0,-4504.0,-4786.0,-4099.0,-4575.0,-4306.0,-4502.0,-3540.0,-3990.0,-3748.0,-3598.0
148,-2801.0,-5390.4,-2863.0,-2880.0,-4571.0,-4180.0,-4719.0,-4216.0,-4286.0,-4931.0,-4565.0,-4504.0,-4085.0,-4676.0,-3883.0,-3942.0,-3508.0,-3697.0
149,-2597.0,-5373.599999999999,-2503.0,-3205.2,-5106.0,-4226.0,-4654.0,-4160.0,-4662.0,-4475.0,-4126.0,-4312.0,-4045.0,-4869.0,-3704.0,-3604.0,-3524.0,-3730.0
150,-2552.0,-5614.8,-2411.0,-3454.7999999999997,-4318.0,-3763.0,-4608.0,-3732.0,-4752.0,-4819.0,-4126.0,-4675.0,-4527.0,-4712.0,-3897.0,-3606.0,-3508.0,-3521.0
151,-2659.0,-5584.8,-2449.0,-2841.6,-4305.0,-4296.0,-4506.0,-4210.0,-4783.0,-4696.0,-4182.0,-4461.0,-4163.0,-4632.0,-3222.0,-3089.0,-3555.0,-3625.0
152,-2104.0,-5646.0,-2773.0,-3441.6,-4333.0,-4189.0,-4731.0,-4044.0,-4563.0,-4834.0,-4333.0,-4175.0,-4084.0,-4602.0,-3066.0,-3591.0,-3903.0,-3612.0
153,-2480.0,-5832.0,-2547.0,-2728.7999999999997,-4410.0,-4394.0,-4327.0,-4565.0,-4510.0,-4548.0,-3994.0,-4796.0,-4486.0,-4774.0,-3044.0,-3975.0,-3821.0,-3769.0
154,-2636.0,-5607.599999999999,-2340.0,-2508.0,-4454.0,-4359.0,-4861.0,-4299.0,-4683.0,-4542.0,-3908.0,-4517.0,-4315.0,-4573.0,-3506.0,-3721.0,-3626.0,-3691.0
155,-3125.0,-5917.2,-2640.0,-2930.4,-4644.0,-4102.0,-4557.0,-4480.0,-4641.0,-4250.0,-4123.0,-4784.0,-4238.0,-4626.0,-3596.0,-3486.0,-3983.0,-3882.0
156,-2638.0,-4920.0,-2655.0,-2959.2,-4451.0,-4134.0,-4490.0,-4296.0,-4501.0,-4696.0,-4482.0,-4878.0,-4093.0,-4515.0,-3494.0,-3568.0,-3759.0,-3725.0
157,-3028.0,-5589.599999999999,-2154.0,-3208.7999999999997,-4780.0,-4210.0,-4552.0,-4409.0,-4316.0,-4731.0,-4645.0,-3950.0,-3896.0,-4763.0,-3438.0,-3776.0,-3941.0,-3417.0
158,-2249.0,-5768.4,-1915.0,-2916.0,-4549.0,-4103.0,-4523.0,-4156.0,-4717.0,-4230.0,-4509.0,-4657.0,-4576.0,-4515.0,-3349.0,-3652.0,-4022.0,-3947.0
159,-2429.0,-5847.599999999999,-2403.0,-3224.4,-4799.0,-4167.0,-5043.0,-4149.0,-4567.0,-4395.0,-4217.0,-4566.0,-4309.0,-4168.0,-3765.0,-3999.0,-3545.0,-3627.0
160,-2682.0,-5312.4,-2947.0,-2596.7999999999997,-4847.0,-4167.0,-4394.0,-4196.0,-5118.0,-4526.0,-4354.0,-4570.0,-4437.0,-4724.0,-3798.0,-3349.0,-3829.0,-3138.0
161,-2575.0,-5596.8,-2619.0,-2733.6,-4691.0,-4453.0,-4277.0,-4417.0,-4022.0,-4650.0,-4356.0,-4284.0,-4173.0,-4801.0,-3933.0,-3900.0,-3627.0,-3608.0
162,-2619.0,-5756.4,-2544.0,-2964.0,-4912.0,-3904.0,-4534.0,-4177.0,-5028.0,-4797.0,-4467.0,-3922.0,-4420.0,-4578.0,-3689.0,-3833.0,-4057.0,-3615.0
163,-2728.0,-5528.4,-2547.0,-2923.2,-4445.0,-4138.0,-4603.0,-4404.0,-4524.0,-4563.0,-4213.0,-4438.0,-4325.0,-4352.0,-3592.0,-3756.0,-2959.0,-3796.0
164,-2600.0,-5589.599999999999,-2340.0,-2397.6,-4567.0,-4387.0,-4850.0,-4491.0,-4637.0,-4567.0,-4251.0,-4431.0,-4322.0,-4306.0,-3491.0,-3709.0,-4089.0,-3450.0
165,-2765.0,-5253.599999999999,-1830.0,-2731.2,-4937.0,-4461.0,-4416.0,-4527.0,-4424.0,-4453.0,-4277.0,-4241.0,-4197.0,-4830.0,-3490.0,-3968.0,-3384.0,-3754.0
166,-2619.0,-5644.8,-2733.0,-2889.6,-4766.0,-4552.0,-4556.0,-4871.0,-4497.0,-4565.0,-3744.0,-4166.0,-4381.0,-4234.0,-3394.0,-3682.0,-3402.0,-3720.0
167,-2567.0,-5536.8,-2468.0,-3393.6,-4738.0,-4512.0,-4257.0,-3936.0,-4604.0,-4362.0,-4248.0,-4711.0,-4264.0,-4997.0,-3626.0,-3860.0,-3719.0,-3786.0
168,-2368.0,-5205.599999999999,-2867.0,-2865.6,-4629.0,-4162.0,-4787.0,-4095.0,-4515.0,-4841.0,-4285.0,-4460.0,-3709.0,-4662.0,-3535.0,-3700.0,-3596.0,-4005.0
169,-2674.0,-5292.0,-2225.0,-3165.6,-4524.0,-3973.0,-4510.0,-4331.0,-4804.0,-4777.0,-4321.0,-4726.0,-4246.0,-4388.0,-3592.0,-3831.0,-3748.0,-3890.0
170,-2497.0,-5715.599999999999,-2452.0,-3268.7999999999997,-4011.0,-4125.0,-4110.0,-4254.0,-4574.0,-4614.0,-4207.0,-4700.0,-4184.0,-4407.0,-3438.0,-3752.0,-4062.0,-3572.0
171,-2503.0,-5739.599999999999,-2478.0,-2618.4,-4798.0,-4064.0,-4473.0,-4590.0,-4690.0,-4503.0,-4061.0,-4500.0,-4481.0,-4584.0,-3666.0,-3929.0,-3606.0,-3526.0
172,-2760.0,-6084.0,-2361.0,-2883.6,-4420.0,-4388.0,-4745.0,-4492.0,-4504.0,-4399.0,-4195.0,-4687.0,-4419.0,-4812.0,-3517.0,-3915.0,-3920.0,-3940.0
173,-2442.0,-6117.599999999999,-2413.0,-2755.2,-4586.0,-4162.0,-4291.0,-4628.0,-4500.0,-4083.0,-4402.0,-4677.0,-4116.0,-4617.0,-3776.0,-4044.0,-3789.0,-3396.0
174,-2763.0,-5757.599999999999,-2343.0,-2736.0,-4437.0,-4287.0,-4462.0,-4121.0,-4574.0,-4874.0,-4281.0,-4605.0,-4579.0,-4490.0,-3609.0,-3620.0,-3294.0,-3692.0
175,-1769.0,-4914.0,-2702.0,-3138.0,-4186.0,-4268.0,-4638.0,-4385.0,-4567.0,-4292.0,-4436.0,-4646.0,-4004.0,-4688.0,-3289.0,-3614.0,-3008.0,-3735.0
176,-2974.0,-5458.8,-2627.0,-2378.4,-4858.0,-4496.0,-4634.0,-4100.0,-4767.0,-4333.0,-4351.0,-4329.0,-4453.0,-4714.0,-3484.0,-3406.0,-3800.0,-3539.0
177,-2653.0,-6019.2,-2219.0,-2532.0,-4714.0,-4415.0,-4390.0,-3982.0,-4636.0,-4642.0,-4377.0,-4665.0,-4643.0,-4724.0,-3557.0,-3623.0,-3816.0,-3908.0
178,-2670.0,-5901.599999999999,-2258.0,-3090.0,-4913.0,-4296.0,-4466.0,-4037.0,-4841.0,-4742.0,-4340.0,-4348.0,-4005.0,-4546.0,-3830.0,-3666.0,-3182.0,-3827.0
179,-2282.0,-5716.8,-2686.0,-2643.6,-4623.0,-4129.0,-4736.0,-4233.0,-4363.0,-4480.0,-4368.0,-4550.0,-4486.0,-4961.0,-3429.0,-3581.0,-3469.0,-3823.0
180,-2578.0,-5539.2,-2679.0,-3619.2,-4304.0,-4488.0,-4379.0,-4237.0,-4497.0,-4397.0,-3791.0,-4839.0,-4244.0,-4509.0,-3502.0,-3914.0,-3568.0,-3465.0
181,-2429.0,-5684.4,-2481.0,-3571.2,-4329.0,-4516.0,-4678.0,-4668.0,-4668.0,-4524.0,-4098.0,-4555.0,-4077.0,-4441.0,-3861.0,-3877.0,-3646.0,-3813.0
182,-2918.0,-5782.8,-2583.0,-2448.0,-4474.0,-4496.0,-4219.0,-4033.0,-4537.0,-4530.0,-4360.0,-4501.0,-4599.0,-4260.0,-3332.0,-3604.0,-3531.0,-3630.0
183,-2565.0,-5407.2,-2491.0,-2554.7999999999997,-4586.0,-4232.0,-4698.0,-4502.0,-4747.0,-4795.0,-4335.0,-4452.0,-4042.0,-4326.0,-3549.0,-3744.0,-3668.0,-3588.0
184,-2498.0,-5422.8,-2256.0,-3564.0,-4819.0,-3978.0,-4688.0,-4448.0,-4669.0,-4256.0,-3983.0,-4398.0,-4155.0,-4622.0,-3280.0,-3089.0,-3396.0,-3621.0
185,-2202.0,-5810.4,-2424.0,-2905.2,-4879.0,-4125.0,-4623.0,-4253.0,-4423.0,-4349.0,-4296.0,-4480.0,-3974.0,-4738.0,-3751.0,-3533.0,-3572.0,-3422.0
186,-2326.0,-5557.2,-3098.0,-3313.2,-4801.0,-4135.0,-4141.0,-4351.0,-4760.0,-4569.0,-4450.0,-4396.0,-4609.0,-4620.0,-3712.0,-3931.0,-3729.0,-3758.0
187,-2780.0,-5307.599999999999,-2928.0,-2636.4,-4776.0,-4497.0,-4344.0,-4337.0,-4659.0,-4590.0,-4448.0,-4436.0,-4448.0,-4901.0,-3706.0,-3731.0,-3792.0,-3836.0
188,-2477.0,-5570.4,-2639.0,-2839.2,-4539.0,-4470.0,-4719.0,-4239.0,-4643.0,-4658.0,-4297.0,-4515.0,-4025.0,-4663.0,-3540.0,-3520.0,-3244.0,-3516.0
189,-2782.0,-5248.8,-1853.0,-2679.6,-4260.0,-4427.0,-4442.0,-4212.0,-4646.0,-4651.0,-4280.0,-4422.0,-4008.0,-4536.0,-3672.0,-3251.0,-3886.0,-3519.0
190,-2689.0,-5709.599999999999,-2472.0,-3193.2,-4626.0,-4363.0,-4269.0,-4160.0,-4723.0,-4430.0,-4397.0,-4172.0,-4495.0,-4651.0,-3443.0,-3382.0,-3574.0,-3626.0
191,-2977.0,-5388.0,-2291.0,-2704.7999999999997,-4284.0,-4425.0,-4549.0,-4512.0,-4503.0,-4624.0,-4298.0,-4737.0,-4188.0,-4528.0,-3621.0,-3607.0,-3631.0,-3603.0
192,-2769.0,-5350.8,-2497.0,-3500.4,-4791.0,-4443.0,-4689.0,-4050.0,-4665.0,-4699.0,-4133.0,-4244.0,-4297.0,-4720.0,-3675.0,-3685.0,-3240.0,-3440.0
193,-2973.0,-5818.8,-2764.0,-2125.2,-4603.0,-4037.0,-4802.0,-4317.0,-4516.0,-4672.0,-4521.0,-4366.0,-4643.0,-4620.0,-3492.0,-3951.0,-3650.0,-3677.0
194,-2961.0,-5140.8,-3125.0,-2736.0,-4734.0,-4050.0,-4201.0,-4350.0,-4314.0,-4564.0,-4101.0,-4454.0,-4209.0,-4798.0,-3697.0,-3809.0,-3474.0,-3927.0
195,-2558.0,-5804.4,-2615.0,-2864.4,-3945.0,-4351.0,-4354.0,-4440.0,-4702.0,-4227.0,-4410.0,-4737.0,-4426.0,-4690.0,-3502.0,-3378.0,-3834.0,-3912.0
196,-2361.0,-5438.4,-2402.0,-2814.0,-4666.0,-3826.0,-4452.0,-4134.0,-4382.0,-4534.0,-4318.0,-4533.0,-4553.0,-4527.0,-3541.0,-3646.0,-3708.0,-3398.0
197,-2599.0,-5773.2,-2421.0,-2602.7999999999997,-4673.0,-4294.0,-4701.0,-4215.0,-4777.0,-4891.0,-4557.0,-4682.0,-3888.0,-4574.0,-3537.0,-3759.0,-3326.0,-3448.0
198,-2335.0,-5731.2,-2720.0,-3076.7999999999997,-4427.0,-4279.0,-4589.0,-4710.0,-4500.0,-4967.0,-4391.0,-4367.0,-4520.0,-4664.0,-3662.0,-3841.0,-3451.0,-4015.0
199,-2543.0,,-2343.0,,,,,,,,,,,,,,,
